setup,downloadTime
0.09673380851745605,0.0024025440216064453
