setup,downloadTime
0.11136937141418457,0.003560304641723633
