setup,downloadTime
0.09121060371398926,0.002545595169067383
