setup,downloadTime
0.09757661819458008,0.0024836063385009766
