setup,downloadTime
0.10983514785766602,0.0028448104858398438
