n,cpu,cuda,openCL
101,0.8141050338745117,0.18877243995666504,0.5782532691955566
