setup,downloadTime
0.10189247131347656,0.006967306137084961
