setup,downloadTime
0.09915924072265625,0.002923727035522461
