n,cpu,cuda,openCL
100,0.5581693649291992,0.34095239639282227,0.06537795066833496
