setup,downloadTime
0.10040950775146484,0.002470254898071289
