setup,downloadTime
0.09952735900878906,0.002533435821533203
