n,cpu,cuda,openCL
100,1.7178289890289307,0.820375919342041,0.1920173168182373
