setup,downloadTime
0.10011529922485352,0.003204345703125
