setup,downloadTime
0.08316564559936523,3.170967102050781e-05
0.0004603862762451172,0.0004918575286865234
0.004083395004272461,0.0015807151794433594
