n,cpu,cuda,openCL
100,0.5488383769989014,0.35894322395324707,0.06474900245666504
