n,cpu,cuda,openCL
801,6.62523889541626,0.701714038848877,4.5157225131988525
