n,cpu,cuda,openCL
601,10.242229223251343,4.367396116256714,2.255035161972046
