n,cpu,cuda,openCL
1,0.006976127624511719,0.11439847946166992,0.006644487380981445
