setup,downloadTime
0.0981290340423584,2.9802322387695312e-05
0.0005393028259277344,0.0004916191101074219
0.004324197769165039,0.001669168472290039
