n,cpu,cuda,openCL
101,2.416316509246826,0.8663411140441895,0.1957840919494629
