setup,downloadTime
0.10324788093566895,0.002541780471801758
