setup,downloadTime
0.0957949161529541,0.0006892681121826172
