n,cpu,cuda,openCL
901,15.408881902694702,6.560880661010742,1.6624839305877686
