setup,downloadTime
0.10749387741088867,0.0026504993438720703
