n,cpu,cuda,openCL
701,5.872655630111694,0.6461200714111328,4.34052848815918
