n,cpu,cuda,openCL
1,0.0015289783477783203,0.09627699851989746,0.002435922622680664
