n,cpu,cuda,openCL
401,6.911223888397217,2.9688565731048584,1.5391778945922852
