setup,downloadTime
4.076957702636719e-05,3.981590270996094e-05
0.00038909912109375,0.0012319087982177734
0.0014276504516601562,0.0016591548919677734
