setup,downloadTime
0.08445334434509277,2.0742416381835938e-05
0.0005130767822265625,0.0004513263702392578
0.0017566680908203125,0.0015628337860107422
