n,cpu,cuda,openCL
901,5.598334789276123,0.7643065452575684,3.86150860786438
