setup,downloadTime
0.09591102600097656,0.0025534629821777344
