n,cpu,cuda,openCL
701,12.32274055480957,5.0805888175964355,2.5606820583343506
