setup,downloadTime
0.10052037239074707,0.0026366710662841797
