setup,downloadTime
0.09714031219482422,0.0025110244750976562
