n,cpu,cuda,openCL
100,0.01306462287902832,0.11074090003967285,0.009343147277832031
