setup,downloadTime
0.10143423080444336,0.0033288002014160156
