n,cpu,cuda,openCL
601,3.7260215282440186,0.5598070621490479,2.588977336883545
