n,cpu,cuda,openCL
101,1.7129952907562256,0.7985172271728516,0.19349908828735352
