setup,downloadTime
0.08761477470397949,4.553794860839844e-05
