n,cpu,cuda,openCL
201,4.6509222984313965,1.5875496864318848,0.39020872116088867
