setup,downloadTime
0.09399056434631348,2.956390380859375e-05
0.0004894733428955078,0.0005691051483154297
0.004170417785644531,0.0016884803771972656
