setup,downloadTime
0.0918574333190918,0.0025708675384521484
