setup,downloadTime
0.10184836387634277,0.0024509429931640625
