setup,downloadTime
0.1056966781616211,0.002489328384399414
