setup,downloadTime
0.10252904891967773,0.0064847469329833984
