setup,downloadTime
0.09527587890625,0.002602815628051758
