n,cpu,cuda,openCL
501,3.1313090324401855,0.4720149040222168,2.1398470401763916
