n,cpu,cuda,openCL
801,19.94529104232788,6.085742712020874,1.510256052017212
