setup,downloadTime
0.10077166557312012,0.0025625228881835938
