setup,downloadTime
0.09438943862915039,0.0025005340576171875
