setup,downloadTime
0.09299755096435547,3.218650817871094e-05
