n,cpu,cuda,openCL
1,0.027279376983642578,0.10377001762390137,0.003085613250732422
