setup,downloadTime
0.10203719139099121,3.123283386230469e-05
0.0004885196685791016,0.0005083084106445312
0.004014253616333008,0.001623392105102539
