setup,downloadTime
0.0927126407623291,0.002485990524291992
