setup,downloadTime
0.10456633567810059,0.0025289058685302734
