setup,downloadTime
0.09557843208312988,0.0025131702423095703
