n,cpu,cuda,openCL
100,1.7390437126159668,0.822314977645874,0.19233489036560059
