setup,downloadTime
0.11180853843688965,0.003289937973022461
