setup,downloadTime
0.09231352806091309,0.0026519298553466797
