n,cpu,cuda,openCL
100,0.6224322319030762,0.18671798706054688,0.43965578079223633
