n,cpu,cuda,openCL
100,0.0075266361236572266,0.1036686897277832,0.009290695190429688
