n,cpu,cuda,openCL
1000,23.296830415725708,7.557730674743652,1.889108657836914
