n,cpu,cuda,openCL
401,6.928291320800781,2.9852726459503174,0.7434666156768799
