n,cpu,cuda,openCL
401,2.486238956451416,0.3943660259246826,2.5605907440185547
