setup,downloadTime
0.09616804122924805,0.0026023387908935547
