n,cpu,cuda,openCL
10,0.17055058479309082,0.16972827911376953,0.01886749267578125
