n,cpu,cuda,openCL
101,0.6226792335510254,0.1786353588104248,0.44588327407836914
