setup,downloadTime
0.09434175491333008,0.002432584762573242
