n,cpu,cuda,openCL
301,1.8792221546173096,0.3242020606994629,1.9403419494628906
