setup,downloadTime
0.10151124000549316,0.002767801284790039
