setup,downloadTime
0.10832476615905762,0.004198551177978516
