setup,downloadTime
0.09517312049865723,3.170967102050781e-05
