n,cpu,cuda,openCL
1001,8.332944631576538,0.8421773910522461,5.590325117111206
