setup,downloadTime
0.09115219116210938,0.0024993419647216797
