n,cpu,cuda,openCL
201,1.6165828704833984,0.26624321937561035,1.1504287719726562
