setup,downloadTime
0.09255862236022949,0.002566814422607422
