setup,downloadTime
0.09682369232177734,0.0026552677154541016
