n,cpu,cuda,openCL
501,3.111600160598755,0.4739041328430176,3.1491808891296387
