setup,downloadTime
0.0888519287109375,0.0026421546936035156
