setup,downloadTime
0.09368896484375,0.002507448196411133
