n,cpu,cuda,openCL
1001,6.19940710067749,0.8301887512207031,4.3070080280303955
