setup,downloadTime
0.08851790428161621,2.4557113647460938e-05
0.0005078315734863281,0.0004649162292480469
0.004277706146240234,0.0016379356384277344
