setup,downloadTime
0.09754371643066406,0.0024619102478027344
