setup,downloadTime
0.09803080558776855,0.0026531219482421875
