n,cpu,cuda,openCL
301,6.885673522949219,2.353184938430786,0.5798742771148682
