n,cpu,cuda,openCL
1,0.007395029067993164,0.1026763916015625,0.0923459529876709
