setup,downloadTime
0.09737229347229004,0.002536296844482422
