setup,downloadTime
0.09360218048095703,4.3392181396484375e-05
0.00045752525329589844,0.0005216598510742188
0.0015652179718017578,0.0016851425170898438
