setup,downloadTime
0.10427975654602051,0.0024559497833251953
