setup,downloadTime
0.09613585472106934,0.002571582794189453
