n,cpu,cuda,openCL
1001,23.074555158615112,7.560732841491699,1.8826262950897217
