setup,downloadTime
0.10825920104980469,0.004096031188964844
