n,cpu,cuda,openCL
301,1.8673293590545654,0.3329007625579834,1.2951958179473877
