setup,downloadTime
0.08941078186035156,3.8623809814453125e-05
0.0006608963012695312,0.001010894775390625
0.0016107559204101562,0.0028963088989257812
