setup,downloadTime
0.09979557991027832,0.0009386539459228516
