setup,downloadTime
0.09889936447143555,0.0034008026123046875
