n,cpu,cuda,openCL
201,1.2559635639190674,0.2573986053466797,1.3304040431976318
