setup,downloadTime
0.09290862083435059,2.4557113647460938e-05
0.00045490264892578125,0.00045180320739746094
0.00431513786315918,0.0016493797302246094
