setup,downloadTime
0.09330606460571289,0.0027670860290527344
