setup,downloadTime
0.09845781326293945,0.0030062198638916016
