setup,downloadTime
0.09804272651672363,0.002585172653198242
