n,cpu,cuda,openCL
201,1.2514927387237549,0.25274205207824707,0.8822600841522217
