setup,downloadTime
3.6716461181640625e-05,2.9802322387695312e-05
0.0003764629364013672,0.0009312629699707031
0.0014050006866455078,0.002583742141723633
