n,cpu,cuda,openCL
101,1.740748405456543,0.8105802536010742,0.18989086151123047
