setup,downloadTime
0.09538912773132324,0.002900838851928711
