setup,downloadTime
0.09523773193359375,0.0027642250061035156
