n,cpu,cuda,openCL
601,10.219301462173462,4.4030725955963135,1.1082515716552734
