setup,downloadTime
0.09399938583374023,0.0025606155395507812
