setup,downloadTime
0.09711742401123047,0.0025551319122314453
