n,cpu,cuda,openCL
1,0.04506278038024902,0.1148688793182373,0.003994941711425781
