setup,downloadTime
0.09638547897338867,0.006784200668334961
