setup,downloadTime
0.1083834171295166,0.0033288002014160156
