n,cpu,cuda,openCL
1,0.00834512710571289,0.10065746307373047,0.0029091835021972656
