n,cpu,cuda,openCL
501,4.027691602706909,0.4914727210998535,2.859341859817505
