setup,downloadTime
0.09298491477966309,3.361701965332031e-05
