setup,downloadTime
0.09137439727783203,3.886222839355469e-05
0.0005865097045898438,0.0009341239929199219
0.0016252994537353516,0.0025472640991210938
