setup,downloadTime
0.09051752090454102,3.1948089599609375e-05
0.00043773651123046875,0.0005121231079101562
0.004243135452270508,0.0016329288482666016
