setup,downloadTime
0.10322189331054688,0.0024650096893310547
