setup,downloadTime
0.10355901718139648,0.0025572776794433594
