n,cpu,cuda,openCL
100,5.499165773391724,2.003620147705078,0.4627840518951416
