setup,downloadTime
0.09489679336547852,0.0025076866149902344
