setup,downloadTime
0.09906435012817383,3.8623809814453125e-05
