setup,downloadTime
3.910064697265625e-05,2.9325485229492188e-05
0.0003879070281982422,0.0008609294891357422
0.0014629364013671875,0.0015869140625
