setup,downloadTime
0.09398460388183594,0.002575397491455078
