setup,downloadTime
0.08865642547607422,2.47955322265625e-05
0.0004496574401855469,0.00047779083251953125
0.0016779899597167969,0.0015745162963867188
