setup,downloadTime
0.09650659561157227,0.002475261688232422
