setup,downloadTime
0.09585261344909668,0.002409696578979492
