n,cpu,cuda,openCL
1001,8.109344005584717,0.8629472255706787,5.649190425872803
