n,cpu,cuda,openCL
1,0.008757591247558594,0.1226797103881836,0.008944511413574219
