n,cpu,cuda,openCL
1001,22.97709369659424,7.584540843963623,1.904296636581421
