setup,downloadTime
0.11061811447143555,0.0036764144897460938
