n,cpu,cuda,openCL
1001,17.211102962493896,7.21198296546936,3.6128740310668945
