n,cpu,cuda,openCL
601,13.89684247970581,4.585172176361084,1.1388704776763916
