n,cpu,cuda,openCL
301,5.168158769607544,2.26029634475708,0.5630183219909668
