n,cpu,cuda,openCL
101,1.7153427600860596,0.8124513626098633,0.45802736282348633
