setup,downloadTime
0.1002347469329834,0.003612995147705078
