n,cpu,cuda,openCL
901,20.739630937576294,6.844056129455566,1.7087764739990234
