setup,downloadTime
0.10197114944458008,0.0031409263610839844
