setup,downloadTime
0.10503172874450684,0.0024678707122802734
