n,cpu,cuda,openCL
701,16.514280557632446,5.423722743988037,1.3283321857452393
