n,cpu,cuda,openCL
100,1.7239112854003906,0.8107070922851562,0.18850088119506836
