setup,downloadTime
0.10307455062866211,0.0024542808532714844
