n,cpu,cuda,openCL
801,13.490134000778198,5.782480955123901,1.4713778495788574
