setup,downloadTime
0.10019421577453613,0.0024874210357666016
