setup,downloadTime
0.10422754287719727,0.003729104995727539
