n,cpu,cuda,openCL
901,7.493313312530518,0.7740492820739746,5.135728120803833
