n,cpu,cuda,openCL
701,12.055034399032593,5.129863262176514,1.2940564155578613
