n,cpu,cuda,openCL
401,3.1996142864227295,0.4079718589782715,2.2755813598632812
