setup,downloadTime
0.1016695499420166,0.0034749507904052734
