n,cpu,cuda,openCL
401,9.43606448173523,3.0707666873931885,0.7636427879333496
