setup,downloadTime
0.09668779373168945,0.0068247318267822266
