n,cpu,cuda,openCL
1,0.008336067199707031,0.10697174072265625,0.0903782844543457
