n,cpu,cuda,openCL
1001,17.206345796585083,7.2571470737457275,1.8415112495422363
