setup,downloadTime
0.09484720230102539,0.002405881881713867
