n,cpu,cuda,openCL
100,5.4701988697052,2.0026633739471436,0.4316883087158203
