n,cpu,cuda,openCL
100,0.007184505462646484,0.11316180229187012,0.009721755981445312
