setup,downloadTime
0.10245132446289062,0.003947734832763672
