n,cpu,cuda,openCL
901,15.48289680480957,6.553546190261841,3.307434320449829
