setup,downloadTime
0.10351252555847168,0.003161907196044922
