n,cpu,cuda,openCL
1,0.027949810028076172,0.10024189949035645,0.0032052993774414062
