n,cpu,cuda,openCL
1,0.01808953285217285,0.11893248558044434,0.01365971565246582
