setup,downloadTime
0.0843963623046875,2.1457672119140625e-05
0.0005161762237548828,0.0004818439483642578
0.0016825199127197266,0.001608133316040039
