setup,downloadTime
0.13347864151000977,0.0032999515533447266
