setup,downloadTime
0.10915970802307129,0.0030260086059570312
