n,cpu,cuda,openCL
100,1.6984515190124512,0.30382370948791504,1.1548092365264893
