n,cpu,cuda,openCL
301,5.260505437850952,2.2613449096679688,1.1937663555145264
