setup,downloadTime
0.09736800193786621,0.002505779266357422
