setup,downloadTime
0.09935975074768066,0.002588033676147461
