setup,downloadTime
0.0876002311706543,0.0024526119232177734
