n,cpu,cuda,openCL
501,11.729366064071655,3.8480265140533447,0.9378321170806885
