setup,downloadTime
0.10754060745239258,0.0036351680755615234
