setup,downloadTime
0.10175228118896484,0.0063190460205078125
