n,cpu,cuda,openCL
1,0.007651329040527344,0.11133909225463867,0.006624460220336914
