n,cpu,cuda,openCL
1,0.026105165481567383,0.11012935638427734,0.0031163692474365234
