n,cpu,cuda,openCL
1,0.010046005249023438,0.11826109886169434,0.009124040603637695
