setup,downloadTime
0.09942793846130371,0.003668069839477539
