setup,downloadTime
0.1056051254272461,0.003229379653930664
