n,cpu,cuda,openCL
101,0.6292781829833984,0.17525506019592285,0.4381120204925537
