setup,downloadTime
0.10065340995788574,0.0028107166290283203
