setup,downloadTime
0.09785890579223633,0.0011358261108398438
