setup,downloadTime
0.09563851356506348,0.002477407455444336
