setup,downloadTime
0.10097503662109375,0.002490997314453125
