setup,downloadTime
0.09811973571777344,0.002495288848876953
