setup,downloadTime
0.08812713623046875,2.574920654296875e-05
