setup,downloadTime
0.09534740447998047,0.0008559226989746094
