n,cpu,cuda,openCL
1,0.002031564712524414,0.10899686813354492,0.004044294357299805
