n,cpu,cuda,openCL
601,3.7627675533294678,0.5412962436676025,3.784168243408203
