setup,downloadTime
3.743171691894531e-05,3.600120544433594e-05
0.0002703666687011719,0.0004737377166748047
0.0014061927795410156,0.0017557144165039062
