setup,downloadTime
0.09453153610229492,0.0025496482849121094
