setup,downloadTime
0.09470415115356445,0.002962827682495117
