n,cpu,cuda,openCL
1,0.0449070930480957,0.12224936485290527,0.004072666168212891
