setup,downloadTime
0.09579133987426758,0.0029294490814208984
