n,cpu,cuda,openCL
201,3.437300443649292,1.5327873229980469,0.8227880001068115
