n,cpu,cuda,openCL
801,4.9367945194244385,0.6849873065948486,4.966711759567261
