setup,downloadTime
0.09253239631652832,0.002531290054321289
