setup,downloadTime
0.10539364814758301,0.0009126663208007812
