n,cpu,cuda,openCL
201,1.2443203926086426,0.24657750129699707,0.8572402000427246
