setup,downloadTime
0.0913076400756836,0.0027437210083007812
