n,cpu,cuda,openCL
10,0.1842036247253418,0.17306089401245117,0.01789999008178711
