n,cpu,cuda,openCL
1,0.00693058967590332,0.10873818397521973,0.0075953006744384766
