n,cpu,cuda,openCL
901,5.589912414550781,0.7569293975830078,5.617225885391235
