n,cpu,cuda,openCL
100,0.007689714431762695,0.11150336265563965,0.012546539306640625
