n,cpu,cuda,openCL
1,0.037178993225097656,0.11863040924072266,0.003958940505981445
