n,cpu,cuda,openCL
1,0.030801773071289062,0.10511136054992676,0.0030934810638427734
