setup,downloadTime
0.09720587730407715,0.002577543258666992
