setup,downloadTime
0.08615827560424805,2.3365020751953125e-05
0.0005285739898681641,0.0005629062652587891
0.0017511844635009766,0.001775503158569336
