setup,downloadTime
0.09778308868408203,0.002444028854370117
