n,cpu,cuda,openCL
601,4.836737394332886,0.5561692714691162,3.4098358154296875
