n,cpu,cuda,openCL
101,0.6233158111572266,0.1825423240661621,0.43456459045410156
