n,cpu,cuda,openCL
101,1.6754801273345947,0.8190202713012695,0.19054579734802246
