n,cpu,cuda,openCL
701,4.381052255630493,0.6278877258300781,3.0291712284088135
