setup,downloadTime
0.0922095775604248,0.0024907588958740234
