n,cpu,cuda,openCL
801,13.911378145217896,5.857446908950806,2.948011636734009
