setup,downloadTime
0.09884500503540039,0.0025310516357421875
