n,cpu,cuda,openCL
1,0.02390265464782715,0.09996294975280762,0.09599971771240234
