n,cpu,cuda,openCL
801,4.967142581939697,0.69179368019104,3.4433376789093018
