n,cpu,cuda,openCL
501,8.635946035385132,3.6927359104156494,1.8922011852264404
