n,cpu,cuda,openCL
1,0.030106067657470703,0.10561347007751465,0.0033473968505859375
