n,cpu,cuda,openCL
1,0.010868549346923828,0.11683201789855957,0.009282350540161133
