n,cpu,cuda,openCL
101,0.6238856315612793,0.17803597450256348,0.732816219329834
