setup,downloadTime
0.0961449146270752,0.002505779266357422
