setup,downloadTime
0.09301304817199707,0.0031709671020507812
