n,cpu,cuda,openCL
1,0.009047985076904297,0.10816431045532227,0.006734371185302734
