n,cpu,cuda,openCL
1,0.0775456428527832,0.11960220336914062,0.004495859146118164
