setup,downloadTime
0.10020184516906738,0.0032050609588623047
