n,cpu,cuda,openCL
1000,8.039860486984253,0.8511621952056885,5.713451623916626
