n,cpu,cuda,openCL
201,3.46274471282959,1.531484842300415,0.3759799003601074
