n,cpu,cuda,openCL
701,4.247011184692383,0.6120562553405762,4.3468873500823975
