n,cpu,cuda,openCL
100,0.18475651741027832,0.13736963272094727,0.14314770698547363
