n,cpu,cuda,openCL
1001,6.223483562469482,0.8318190574645996,6.224224805831909
