n,cpu,cuda,openCL
201,3.3660521507263184,1.5040693283081055,0.3720057010650635
