setup,downloadTime
0.09210777282714844,0.002382040023803711
