n,cpu,cuda,openCL
301,2.423501968383789,0.33983612060546875,1.6803185939788818
