setup,downloadTime
0.10744547843933105,0.0024797916412353516
