n,cpu,cuda,openCL
1,0.0021665096282958984,0.09645605087280273,0.002455472946166992
