setup,downloadTime
0.10768461227416992,0.0033614635467529297
