n,cpu,cuda,openCL
401,2.508755683898926,0.39690160751342773,1.7225537300109863
