n,cpu,cuda,openCL
1,0.028862476348876953,0.10493826866149902,0.10186219215393066
