n,cpu,cuda,openCL
101,1.767420768737793,0.8347072601318359,0.45706820487976074
