setup,downloadTime
0.10215091705322266,0.0025298595428466797
