setup,downloadTime
0.09336566925048828,0.0023801326751708984
