n,cpu,cuda,openCL
501,8.669175386428833,3.6915876865386963,0.9200875759124756
