size,cpu,cuda,openCL
80x45,0.0,0.0,0.0019893646240234375
1920x1080,0.0,0.0,0.002986431121826172
3840x2160,0.0,0.0,0.0010004043579101562
