setup,downloadTime
0.12459897994995117,0.0
0.0,0.0
0.0019931793212890625,0.0009965896606445312
