size,cpu,cuda,openCL
80x45,0.0,0.0,0.002986907958984375
1920x1080,0.0,0.0,0.002989530563354492
3840x2160,0.0,0.0,0.00498652458190918
