setup,downloadTime
0.19618463516235352,0.0
0.0,0.0
0.005976200103759766,0.002990245819091797
